{
    "0.0001": {
        "avg_mse": 1.0534840850772973,
        "avg_mae": 0.8283893889533783,
        "avg_r2": -0.01060225482948288,
        "mse_improvement_pct": -3875.7797103932644,
        "r2_improvement_pct": 12.455857509819374
    },
    "0.001": {
        "avg_mse": 1.0464728325902821,
        "avg_mae": 0.8252157127547882,
        "avg_r2": -0.004426512889519423,
        "mse_improvement_pct": -3849.3197042316397,
        "r2_improvement_pct": 63.44973014069589
    },
    "0.01": {
        "avg_mse": 1.0444051098680782,
        "avg_mae": 0.8246242132729399,
        "avg_r2": -0.002564499597111624,
        "mse_improvement_pct": -3841.5162545525172,
        "r2_improvement_pct": 78.82460648642031
    },
    "0.1": {
        "avg_mse": 1.0595517358380164,
        "avg_mae": 0.8292741967056564,
        "avg_r2": -0.017180465176671805,
        "mse_improvement_pct": -3898.6786256459327,
        "r2_improvement_pct": -41.86124703319379
    },
    "0.5": {
        "avg_mse": 1.0528724514795635,
        "avg_mae": 0.8291836321472884,
        "avg_r2": -0.009702251105013484,
        "mse_improvement_pct": -3873.4714453871666,
        "r2_improvement_pct": 19.88730068524105
    },
    "1.0": {
        "avg_mse": 1.052682875873086,
        "avg_mae": 0.8282259932297195,
        "avg_r2": -0.010503126475625409,
        "mse_improvement_pct": -3872.755999505738,
        "r2_improvement_pct": 13.274372710075017
    }
}