client_id,samples,avg_gpa,gpa_std,sex_distribution,major_diversity,role_diversity,industry_diversity
Group,879,3.068623435722412,0.5614704035604078,"{'Male': 0.5233219567690558, 'Female': 0.47667804323094426}",8,307,89
Inc,720,2.983013888888889,0.5604741186149012,"{'Female': 0.575, 'Male': 0.425}",8,290,90
LLC,800,2.9739,0.598472013496599,"{'Female': 0.5125, 'Male': 0.4875}",8,305,89
Ltd,817,3.028861689106487,0.5812744211303115,"{'Male': 0.5091799265605875, 'Female': 0.4908200734394125}",8,294,90
PLC,837,2.9367622461170844,0.5929834204648096,"{'Female': 0.5161290322580645, 'Male': 0.4838709677419355}",8,299,90
and Sons,947,2.962523759239704,0.5634241698345198,"{'Male': 0.5332629355860612, 'Female': 0.46673706441393875}",8,300,90
