{
  "seed": 42,
  "cls": {
    "pr_auc": 0.1446176547674084,
    "roc_auc": 0.8190133620103585,
    "macro_f1": 0.4939546257301997
  },
  "reg": {
    "mse": 0.010202118768741856,
    "r2": 0.48506208016773555
  },
  "counts": {
    "train_rows": 20898,
    "test_rows": 3725
  }
}