{
    "centralized_mse": 0.019600328437783445,
    "centralized_r2": 0.1809449377354021
}