{
  "results": [
    {
      "version": "v2_alignment_cctr",
      "exists": true,
      "f1": 0.6666666666666666,
      "precision": 0.6666666666666666,
      "recall": 0.6666666666666666,
      "auc": 0.9348659003831418,
      "purity": 0.9583333333333334,
      "nmi": 0.9635410012650015,
      "num_phrases": 24,
      "top_pairs_used": 15,
      "gold_pairs": 15,
      "unique_labels": 11
    },
    {
      "version": "v2_alignment_flctr",
      "exists": true,
      "f1": 0.5333333333333333,
      "precision": 0.5333333333333333,
      "recall": 0.5333333333333333,
      "auc": 0.8035759897828864,
      "purity": 0.7916666666666666,
      "nmi": 0.87109208861163,
      "num_phrases": 24,
      "top_pairs_used": 15,
      "gold_pairs": 15,
      "unique_labels": 11
    }
  ]
}