{
  "synonym_f1": {
    "precision": 0.6666666666666666,
    "recall": 0.6666666666666666,
    "f1": 0.6666666666666666
  },
  "sim_auc": 0.9348659003831418,
  "cluster": {
    "purity": 0.9583333333333334,
    "nmi": 0.9635410012650015
  },
  "num_phrases": 24,
  "top_pairs_used": 15,
  "gold_pairs": 15,
  "unique_labels": 11
}