{
  "algorithm": "FedOpt",
  "optimizer": "adam",
  "server_lr": 1.0,
  "total_rounds": 30,
  "final_avg_accuracy": 0.02195257406265108,
  "training_history": {
    "rounds": [
      1,
      2,
      3,
      4,
      5,
      6,
      7,
      8,
      9,
      10,
      11,
      12,
      13,
      14,
      15,
      16,
      17,
      18,
      19,
      20,
      21,
      22,
      23,
      24,
      25,
      26,
      27,
      28,
      29,
      30
    ],
    "avg_train_loss": [
      0.5425803045431773,
      71.02281188964844,
      96.19689280192057,
      97.61932729085287,
      97.62358474731445,
      97.62358474731445,
      97.62358474731445,
      97.62358474731445,
      97.62358474731445,
      97.62358474731445,
      97.62358474731445,
      97.62358474731445,
      97.62358474731445,
      97.62358474731445,
      97.62358474731445,
      97.62358474731445,
      97.62358474731445,
      97.62358474731445,
      97.62358474731445,
      97.62358474731445,
      97.62358474731445,
      97.62358474731445,
      97.62358474731445,
      97.62358474731445,
      97.62358474731445,
      97.62358474731445,
      97.62358474731445,
      97.62358474731445,
      97.62358474731445,
      97.62358474731445
    ],
    "avg_val_accuracy": [
      0.978047425937349,
      0.02195257406265108,
      0.02195257406265108,
      0.02195257406265108,
      0.02195257406265108,
      0.02195257406265108,
      0.02195257406265108,
      0.02195257406265108,
      0.02195257406265108,
      0.02195257406265108,
      0.02195257406265108,
      0.02195257406265108,
      0.02195257406265108,
      0.02195257406265108,
      0.02195257406265108,
      0.02195257406265108,
      0.02195257406265108,
      0.02195257406265108,
      0.02195257406265108,
      0.02195257406265108,
      0.02195257406265108,
      0.02195257406265108,
      0.02195257406265108,
      0.02195257406265108,
      0.02195257406265108,
      0.02195257406265108,
      0.02195257406265108,
      0.02195257406265108,
      0.02195257406265108,
      0.02195257406265108
    ],
    "client_participation": [
      6,
      6,
      6,
      6,
      6,
      6,
      6,
      6,
      6,
      6,
      6,
      6,
      6,
      6,
      6,
      6,
      6,
      6,
      6,
      6,
      6,
      6,
      6,
      6,
      6,
      6,
      6,
      6,
      6,
      6
    ],
    "heterogeneity_metrics": [
      {
        "gpa_variance_across_clients": 0.0019263133711832272,
        "gender_entropy_variance": 3.2422234538852846e-05,
        "major_diversity_range": [
          8,
          8
        ],
        "industry_diversity_range": [
          89,
          90
        ],
        "performance_variance": 4.798770772868314e-06
      },
      {
        "gpa_variance_across_clients": 0.0019263133711832272,
        "gender_entropy_variance": 3.2422234538852846e-05,
        "major_diversity_range": [
          8,
          8
        ],
        "industry_diversity_range": [
          89,
          90
        ],
        "performance_variance": 4.798770772868302e-06
      },
      {
        "gpa_variance_across_clients": 0.0019263133711832272,
        "gender_entropy_variance": 3.2422234538852846e-05,
        "major_diversity_range": [
          8,
          8
        ],
        "industry_diversity_range": [
          89,
          90
        ],
        "performance_variance": 4.798770772868302e-06
      },
      {
        "gpa_variance_across_clients": 0.0019263133711832272,
        "gender_entropy_variance": 3.2422234538852846e-05,
        "major_diversity_range": [
          8,
          8
        ],
        "industry_diversity_range": [
          89,
          90
        ],
        "performance_variance": 4.798770772868302e-06
      },
      {
        "gpa_variance_across_clients": 0.0019263133711832272,
        "gender_entropy_variance": 3.2422234538852846e-05,
        "major_diversity_range": [
          8,
          8
        ],
        "industry_diversity_range": [
          89,
          90
        ],
        "performance_variance": 4.798770772868302e-06
      },
      {
        "gpa_variance_across_clients": 0.0019263133711832272,
        "gender_entropy_variance": 3.2422234538852846e-05,
        "major_diversity_range": [
          8,
          8
        ],
        "industry_diversity_range": [
          89,
          90
        ],
        "performance_variance": 4.798770772868302e-06
      },
      {
        "gpa_variance_across_clients": 0.0019263133711832272,
        "gender_entropy_variance": 3.2422234538852846e-05,
        "major_diversity_range": [
          8,
          8
        ],
        "industry_diversity_range": [
          89,
          90
        ],
        "performance_variance": 4.798770772868302e-06
      },
      {
        "gpa_variance_across_clients": 0.0019263133711832272,
        "gender_entropy_variance": 3.2422234538852846e-05,
        "major_diversity_range": [
          8,
          8
        ],
        "industry_diversity_range": [
          89,
          90
        ],
        "performance_variance": 4.798770772868302e-06
      },
      {
        "gpa_variance_across_clients": 0.0019263133711832272,
        "gender_entropy_variance": 3.2422234538852846e-05,
        "major_diversity_range": [
          8,
          8
        ],
        "industry_diversity_range": [
          89,
          90
        ],
        "performance_variance": 4.798770772868302e-06
      },
      {
        "gpa_variance_across_clients": 0.0019263133711832272,
        "gender_entropy_variance": 3.2422234538852846e-05,
        "major_diversity_range": [
          8,
          8
        ],
        "industry_diversity_range": [
          89,
          90
        ],
        "performance_variance": 4.798770772868302e-06
      },
      {
        "gpa_variance_across_clients": 0.0019263133711832272,
        "gender_entropy_variance": 3.2422234538852846e-05,
        "major_diversity_range": [
          8,
          8
        ],
        "industry_diversity_range": [
          89,
          90
        ],
        "performance_variance": 4.798770772868302e-06
      },
      {
        "gpa_variance_across_clients": 0.0019263133711832272,
        "gender_entropy_variance": 3.2422234538852846e-05,
        "major_diversity_range": [
          8,
          8
        ],
        "industry_diversity_range": [
          89,
          90
        ],
        "performance_variance": 4.798770772868302e-06
      },
      {
        "gpa_variance_across_clients": 0.0019263133711832272,
        "gender_entropy_variance": 3.2422234538852846e-05,
        "major_diversity_range": [
          8,
          8
        ],
        "industry_diversity_range": [
          89,
          90
        ],
        "performance_variance": 4.798770772868302e-06
      },
      {
        "gpa_variance_across_clients": 0.0019263133711832272,
        "gender_entropy_variance": 3.2422234538852846e-05,
        "major_diversity_range": [
          8,
          8
        ],
        "industry_diversity_range": [
          89,
          90
        ],
        "performance_variance": 4.798770772868302e-06
      },
      {
        "gpa_variance_across_clients": 0.0019263133711832272,
        "gender_entropy_variance": 3.2422234538852846e-05,
        "major_diversity_range": [
          8,
          8
        ],
        "industry_diversity_range": [
          89,
          90
        ],
        "performance_variance": 4.798770772868302e-06
      },
      {
        "gpa_variance_across_clients": 0.0019263133711832272,
        "gender_entropy_variance": 3.2422234538852846e-05,
        "major_diversity_range": [
          8,
          8
        ],
        "industry_diversity_range": [
          89,
          90
        ],
        "performance_variance": 4.798770772868302e-06
      },
      {
        "gpa_variance_across_clients": 0.0019263133711832272,
        "gender_entropy_variance": 3.2422234538852846e-05,